legendary-waffle,2018-05-04 13:57:17 +0000 UTC
liquid-decisiv,2018-06-06 18:41:55 +0000 UTC
fluid_table_internal,2020-10-30 17:00:09 +0000 UTC
cruise_control_config,2018-05-04 14:24:42 +0000 UTC
elasticsearch,2018-05-04 14:25:02 +0000 UTC
use_tenant_datasource,2018-06-06 18:45:55 +0000 UTC
packages,2018-05-04 14:25:32 +0000 UTC
dbot,2018-05-04 14:25:43 +0000 UTC
reporting_refresh_scripts,2018-05-04 14:25:51 +0000 UTC
dms_mockery,2018-05-04 14:26:00 +0000 UTC
Current_Reporting_Refresh,2018-05-04 14:26:08 +0000 UTC
redshift_export,2019-06-03 12:34:08 +0000 UTC
decisiv-logger,2020-06-23 16:36:57 +0000 UTC
DCVDealer_Templates,2018-05-04 14:26:33 +0000 UTC
PartPriceUpdates,2018-05-04 14:26:41 +0000 UTC
SQL_Import_Export,2018-05-04 14:26:50 +0000 UTC
decisiv_adhoc_sql_jobs,2018-05-04 14:26:58 +0000 UTC
decisiv_adp_customer_update,2018-05-04 14:27:06 +0000 UTC
decisiv_analyzer,2018-05-04 14:27:14 +0000 UTC
decisiv_api_stats,2018-05-04 14:27:23 +0000 UTC
decisiv_db_archiver,2018-05-04 14:27:31 +0000 UTC
decisiv_hino_auto_enroll,2018-05-04 14:27:39 +0000 UTC
decisiv_hino_fleet_asset_update,2018-05-04 14:27:47 +0000 UTC
decisiv_interstate_customer_update,2018-05-04 14:27:55 +0000 UTC
decisiv_karmak_customer_update,2018-05-04 14:28:04 +0000 UTC
decisiv_mv_vin_update,2018-05-04 14:28:12 +0000 UTC
decisiv_saia_asset_export,2018-05-04 14:28:20 +0000 UTC
decisiv_volvo_recall,2018-05-04 14:28:28 +0000 UTC
decisiv_wwwilliams_customer_update,2018-05-04 14:28:36 +0000 UTC
multi_mechanize,2018-05-04 14:28:44 +0000 UTC
decisiv_bi_user_sync,2019-04-10 20:58:06 +0000 UTC
decisiv_nationalease_billing_redshift,2019-09-10 18:56:27 +0000 UTC
decisiv-slack,2018-05-04 14:29:27 +0000 UTC
volvo_data_feed_sqlserver,2018-05-04 14:29:52 +0000 UTC
flock,2018-05-04 14:30:00 +0000 UTC
vault,2018-05-04 14:30:08 +0000 UTC
decisiv_templates,2018-05-04 14:30:16 +0000 UTC
styled-components-reactive-grid,2019-06-11 21:11:08 +0000 UTC
base-components,2020-12-01 16:58:48 +0000 UTC
decisiv_jsonapi_resources,2020-08-21 16:51:13 +0000 UTC
drmario_client,2018-05-04 14:31:03 +0000 UTC
colonize,2019-11-20 22:51:07 +0000 UTC
ReactNativeLaunchPad,2020-01-02 15:37:43 +0000 UTC
ex_decisiv-events,2018-10-09 11:01:45 +0000 UTC
fenix_fleet_native,2020-01-24 15:32:05 +0000 UTC
tiny-hello,2018-05-04 14:32:22 +0000 UTC
counter,2018-05-04 14:32:31 +0000 UTC
dsmpus-client,2018-10-31 22:32:40 +0000 UTC
deploy_check,2018-05-04 17:27:32 +0000 UTC
mug_shot,2018-05-04 17:27:40 +0000 UTC
tolk,2018-05-04 17:27:48 +0000 UTC
decisiv-chef-repository,2018-05-04 17:27:57 +0000 UTC
geokit-rails3-internal,2018-06-28 21:16:32 +0000 UTC
decisiv_networking,2018-06-06 20:32:32 +0000 UTC
multi_db_exporting_service,2018-05-04 17:28:38 +0000 UTC
silo_tools,2018-05-04 17:28:47 +0000 UTC
analytics-warehouse,2018-05-04 17:28:55 +0000 UTC
jaspersoft_reports,2018-05-04 17:29:05 +0000 UTC
decisiv_paccar,2020-06-26 16:14:06 +0000 UTC
hash_conditions,2018-05-04 17:29:32 +0000 UTC
decisiv_events,2018-05-04 17:29:40 +0000 UTC
ChangeDealerID,2018-05-04 17:29:48 +0000 UTC
decisiv_adhoc_sql_script,2018-05-04 17:29:57 +0000 UTC
decisiv_ameriquest_copy_ro_endpoint,2018-05-04 17:30:05 +0000 UTC
decisiv_genqr_vin_load,2018-05-04 17:30:13 +0000 UTC
decisiv_ics_customer_update,2018-05-04 17:30:21 +0000 UTC
decisiv_inland_power_auto_close,2018-05-04 17:30:29 +0000 UTC
decisiv_interstate_asset_update,2018-05-04 17:30:38 +0000 UTC
decisiv_nationalease_etl,2018-05-04 17:30:46 +0000 UTC
decisiv_notifier,2019-08-29 15:06:40 +0000 UTC
decisiv_reporting_portal_data_copy,2018-05-04 17:31:02 +0000 UTC
decisiv_schneiderfinance_vin_import,2018-05-04 17:31:10 +0000 UTC
decisiv_update_expiry_dates,2018-05-04 17:31:18 +0000 UTC
decisiv_vin_expiry,2018-05-04 17:31:27 +0000 UTC
decisiv_volvo_renewal_enroll,2018-05-04 17:31:35 +0000 UTC
decisiv_wajaxw_customer_update,2018-05-04 17:31:43 +0000 UTC
mongrel_proctitle,2018-05-04 17:31:51 +0000 UTC
decisiv-request_tracer,2018-07-05 13:37:33 +0000 UTC
bumper,2018-05-04 17:32:09 +0000 UTC
decisiv_nationalease_etl_redshift,2019-09-16 20:45:08 +0000 UTC
cars_elixir,2018-05-04 17:32:51 +0000 UTC
michelin_redshift_export,2019-06-21 14:25:48 +0000 UTC
decisiv_onboarding_pg,2018-05-04 17:33:25 +0000 UTC
iot_prototype,2018-05-04 17:33:33 +0000 UTC
colonize-modules,2019-04-24 16:03:01 +0000 UTC
decisiv_core,2018-05-04 17:33:50 +0000 UTC
jenkins-shared-library,2018-12-17 18:41:28 +0000 UTC
decisiv-create-react-app,2018-05-04 17:34:15 +0000 UTC
grafana,2018-05-24 22:37:48 +0000 UTC
rosetta,2018-06-11 17:43:46 +0000 UTC
decisiv-events-phoenix,2018-10-31 17:46:27 +0000 UTC
iconix,2018-07-13 21:09:10 +0000 UTC
asset-trio-convox-migration,2018-05-04 17:35:07 +0000 UTC
octokit.rb,2018-05-04 17:35:15 +0000 UTC
multi_service,2018-05-04 19:13:34 +0000 UTC
flash_hash_request_uuid,2019-03-15 15:25:17 +0000 UTC
elasticsearch_importer,2018-05-04 19:13:53 +0000 UTC
assets_deploy,2018-05-04 19:14:02 +0000 UTC
decisiv_deployment_prototype,2018-05-04 19:14:11 +0000 UTC
Scripts,2018-05-04 19:14:28 +0000 UTC
invoice-analyzer,2018-05-04 19:14:36 +0000 UTC
reporting_projects,2018-05-04 19:14:45 +0000 UTC
Domains,2018-05-04 19:14:58 +0000 UTC
rbillington-postgresql-migration,2018-05-04 19:15:07 +0000 UTC
PRVFleet_Templates,2018-05-04 19:15:27 +0000 UTC
SQL_File_Replication,2018-05-04 19:15:36 +0000 UTC
bits-transfer,2018-05-04 19:15:44 +0000 UTC
decisiv_ameriquest_auto_close,2018-05-04 19:15:52 +0000 UTC
decisiv_app_stats,2018-05-04 19:16:00 +0000 UTC
decisiv_config,2019-09-16 20:25:05 +0000 UTC
decisiv_db_file_utils,2018-05-04 19:16:17 +0000 UTC
decisiv_dms_vmrs_opcode_update,2018-08-23 22:57:34 +0000 UTC
decisiv_floridadda_customer_update,2018-05-04 19:16:33 +0000 UTC
decisiv_hino_recall,2018-08-10 14:28:30 +0000 UTC
decisiv_hino_warranty_update,2018-05-04 19:16:50 +0000 UTC
decisiv_paccar_build_info,2018-05-04 19:16:58 +0000 UTC
decisiv_schedule_maintenance_for_new_fleet_prepaids,2018-05-04 19:17:06 +0000 UTC
decisiv-service_discovery,2020-07-30 18:09:20 +0000 UTC
decisiv_stewart_customer_update,2018-05-04 19:17:23 +0000 UTC
decisiv_wwwilliams_auto_close,2018-05-04 19:17:31 +0000 UTC
deploy_gems,2018-05-04 19:17:39 +0000 UTC
git-playground,2018-05-04 19:17:48 +0000 UTC
users_jsonapi_prototype,2018-05-04 19:17:56 +0000 UTC
decisiv_user_identity,2020-08-17 19:42:40 +0000 UTC
vehicare_redshift_export,2019-05-31 18:37:38 +0000 UTC
decisiv-cas-client,2018-05-04 19:18:30 +0000 UTC
decisiv_events_responders,2018-05-04 19:18:38 +0000 UTC
assets-stack,2018-05-04 19:19:03 +0000 UTC
nl-opmap-service,2018-05-04 19:19:12 +0000 UTC
decisiv-uri,2018-05-04 19:19:20 +0000 UTC
decisiv_isuzu,2020-02-18 12:56:37 +0000 UTC
opbuilder-jenkinsfile,2018-05-04 19:19:46 +0000 UTC
ex_decisiv-service_discovery,2020-06-17 19:08:29 +0000 UTC
base-components-cli,2018-05-04 19:20:09 +0000 UTC
decisiv-node-module-template,2018-05-04 19:20:18 +0000 UTC
test_report_server_content,2018-05-04 19:20:26 +0000 UTC
Domains_Current,2018-05-04 19:20:44 +0000 UTC
redux-flight-control,2018-11-26 20:44:54 +0000 UTC
michelin_on_call_bff_docs,2018-05-04 19:21:01 +0000 UTC
FenixFleetNativeDeepLinker,2018-07-26 21:24:34 +0000 UTC
decisiv_nationalease_ftp_copy,2019-09-10 17:20:45 +0000 UTC
cetaris_redshift_export,2018-06-29 15:56:37 +0000 UTC
parts-exchange,2018-05-04 19:43:34 +0000 UTC
pricing_admin,2018-05-04 19:43:45 +0000 UTC
locales,2018-05-04 19:43:55 +0000 UTC
server,2018-05-04 19:44:04 +0000 UTC
acts_as_phoney,2018-05-10 20:50:49 +0000 UTC
custom_attributes,2018-05-10 13:54:25 +0000 UTC
is_msfte_taggable_internal,2018-05-15 22:16:40 +0000 UTC
store_configurable,2019-04-01 15:51:55 +0000 UTC
MultiServiceApp,2018-05-04 19:44:46 +0000 UTC
Gen_QR_Automate_PDFs,2018-05-04 19:44:54 +0000 UTC
operations-export,2018-05-04 19:45:40 +0000 UTC
activerecord-postgres-array,2018-05-04 19:45:58 +0000 UTC
document_record,2018-05-04 19:46:06 +0000 UTC
paccar_redshift_export,2019-05-31 18:38:15 +0000 UTC
Adhoc_sql_scripts,2018-05-04 19:46:22 +0000 UTC
DCVFleet_Templates,2018-05-04 19:46:30 +0000 UTC
MackVolvoMerge,2018-05-04 19:46:38 +0000 UTC
Monthly_billing,2018-05-04 19:46:47 +0000 UTC
TEMPLATE_etl_gem,2018-05-04 19:46:55 +0000 UTC
decisiv_ameriquest_assets_update,2018-05-04 19:47:03 +0000 UTC
decisiv_auto_close,2018-05-04 19:47:11 +0000 UTC
decisiv_cummins_update,2018-05-04 19:47:19 +0000 UTC
decisiv_etl,2018-05-04 19:47:28 +0000 UTC
decisiv_mv_vin_via_update,2018-05-04 19:47:36 +0000 UTC
decisiv_penndda_auto_close,2018-05-04 19:47:44 +0000 UTC
decisiv_prime_tractor_trailer_update,2018-05-07 13:58:50 +0000 UTC
decisiv_update_vlv_telematics,2018-05-04 19:48:00 +0000 UTC
decisiv_voyager_telematics_update,2018-05-04 19:48:08 +0000 UTC
telematics_update,2019-07-03 18:20:33 +0000 UTC
vision_help,2018-05-04 19:48:25 +0000 UTC
decisiv-settings,2018-05-04 19:48:44 +0000 UTC
shoryuken,2018-05-04 19:48:52 +0000 UTC
reactive-container,2019-06-11 20:34:28 +0000 UTC
decisiv_etl_postgres,2019-11-07 20:22:23 +0000 UTC
volvo_build_information,2018-05-04 19:49:36 +0000 UTC
luna,2018-05-04 19:49:44 +0000 UTC
rds_search_and_restore,2018-05-04 19:50:01 +0000 UTC
ftp_intake_elixir,2018-05-04 19:50:10 +0000 UTC
docs,2018-07-02 20:33:42 +0000 UTC
decisiv_isuzu_asset_load,2018-05-04 19:50:29 +0000 UTC
decisiv-events,2018-12-19 22:49:09 +0000 UTC
ymme_from_service,2020-01-03 16:29:48 +0000 UTC
proxy-local,2018-05-04 19:51:38 +0000 UTC
gh-migrate,2018-10-25 03:32:50 +0000 UTC
current_instance,2018-05-10 13:52:04 +0000 UTC
validates_existence,2018-05-10 17:02:32 +0000 UTC
money-decisiv,2018-05-10 17:02:00 +0000 UTC
api,2020-10-16 23:01:22 +0000 UTC
msfte_status,2018-05-04 20:11:11 +0000 UTC
performance_tester,2018-05-04 20:11:20 +0000 UTC
portal_archive,2018-05-04 20:11:29 +0000 UTC
set_decisiv_tenant,2020-10-20 16:51:55 +0000 UTC
mug_shot_deploy,2018-05-04 20:11:46 +0000 UTC
decisiv_ntlm,2018-05-16 21:15:38 +0000 UTC
motor_labor_times,2018-05-17 15:33:04 +0000 UTC
load_tests,2018-09-04 17:46:43 +0000 UTC
intlrepo,2018-05-04 20:12:29 +0000 UTC
reporting_refresh_aws,2018-05-04 20:12:38 +0000 UTC
rds_cloning,2018-09-04 03:04:25 +0000 UTC
fleet_app,2018-05-04 20:12:55 +0000 UTC
fleet_web,2018-11-26 20:30:22 +0000 UTC
vision_notifications,2018-05-04 20:13:20 +0000 UTC
MCKFleet_Templates,2018-05-04 20:13:29 +0000 UTC
SQL_Backup_Playback,2018-05-04 20:13:38 +0000 UTC
decisiv_atlanticdda_auto_close,2018-05-04 20:13:46 +0000 UTC
decisiv_bergeys_auto_close,2018-05-04 20:13:55 +0000 UTC
decisiv_genqr_vin_load_and_pdf_gen_hino,2018-05-04 20:14:03 +0000 UTC
decisiv_hino_vin_via_update,2018-05-04 20:14:11 +0000 UTC
decisiv_inland_power_customer_update,2018-05-04 20:14:20 +0000 UTC
decisiv_msc_retrieve_reporting_data,2018-05-04 20:14:28 +0000 UTC
decisiv_nationalease_billing,2019-04-08 22:13:56 +0000 UTC
decisiv_navistar_vin_parts,2018-05-04 20:14:45 +0000 UTC
vision_api_docs,2018-05-04 20:14:53 +0000 UTC
decisiv-fleet_load_update,2018-08-28 22:59:30 +0000 UTC
decisiv_carrier_warranty_update,2018-05-04 20:15:11 +0000 UTC
decisiv-stats,2018-07-05 13:34:17 +0000 UTC
monthly_bill,2018-05-04 20:15:54 +0000 UTC
itemized_billing,2018-05-04 20:16:02 +0000 UTC
decisiv-sqs,2018-05-04 20:16:11 +0000 UTC
decisiv_application_identity,2019-03-29 14:34:27 +0000 UTC
rack-cas,2018-05-04 20:16:28 +0000 UTC
decisiv_utils_py,2018-05-04 20:16:36 +0000 UTC
drmario_client_rails,2018-05-04 20:16:45 +0000 UTC
decisiv_etl_pg,2018-05-04 20:16:53 +0000 UTC
decisiv-dynamodb,2018-05-04 20:17:10 +0000 UTC
open_source,2018-05-04 20:17:19 +0000 UTC
decisiv-ui-utils,2019-06-28 19:46:30 +0000 UTC
kinesis-ruby,2018-05-04 20:17:36 +0000 UTC
ReactNativeTemplate,2018-05-04 20:17:45 +0000 UTC
decisiv-domain-utils,2018-11-26 20:33:44 +0000 UTC
hello-world,2018-05-04 20:18:02 +0000 UTC
ex_decisiv_logger,2020-09-24 14:45:44 +0000 UTC
dealer_hours,2018-05-04 20:18:38 +0000 UTC
attr_stripper,2018-05-04 20:51:46 +0000 UTC
will_paginate_extras,2020-10-27 20:21:02 +0000 UTC
pricing_archive,2018-05-04 20:52:02 +0000 UTC
mail,2018-05-04 20:52:12 +0000 UTC
user_flows,2018-05-04 20:52:21 +0000 UTC
fleet_depot_spike,2018-05-04 20:52:40 +0000 UTC
invoices,2018-05-04 20:52:48 +0000 UTC
sql-import-export,2018-05-04 20:53:05 +0000 UTC
analytics-warehouse-clone,2018-05-04 20:53:13 +0000 UTC
Azure,2018-05-04 20:53:22 +0000 UTC
decisiv_bergeys_customer_update,2018-05-04 20:53:30 +0000 UTC
decisiv_copy_ameriquest_endpoint_to_vendors,2018-05-04 20:53:38 +0000 UTC
decisiv_copy_contact_to_depot,2018-05-04 20:53:47 +0000 UTC
decisiv_customer_update,2018-05-04 20:53:55 +0000 UTC
decisiv_ftl_vin_update,2018-05-04 20:54:03 +0000 UTC
decisiv_ftp,2019-08-30 17:40:47 +0000 UTC
decisiv_genqr_vin_load_and_pdf_gen,2018-05-04 20:54:19 +0000 UTC
decisiv_harper_customer_update,2018-05-04 20:54:27 +0000 UTC
decisiv_int_reports,2018-05-04 20:54:36 +0000 UTC
decisiv_interstate_update,2018-05-04 20:54:44 +0000 UTC
decisiv_onboarding,2018-05-04 20:54:52 +0000 UTC
decisiv_penndda_customer_update,2018-05-04 20:55:00 +0000 UTC
decisiv_smith_power_auto_close,2018-05-04 20:55:08 +0000 UTC
decisiv_smith_power_customer_update,2018-05-04 20:55:16 +0000 UTC
decisiv_sync_shared_sessions_table,2018-05-04 20:55:24 +0000 UTC
reporting,2018-05-04 20:55:33 +0000 UTC
decisiv_carrier_build_info,2018-05-04 20:55:41 +0000 UTC
decisiv-request_tracer_rails,2018-07-05 13:43:42 +0000 UTC
decisiv-environment,2018-05-04 20:56:15 +0000 UTC
leasing_service,2018-05-04 20:56:32 +0000 UTC
vehicare_redshift_retail_captive__export,2018-05-04 20:56:48 +0000 UTC
decisiv-redux,2018-05-04 20:57:05 +0000 UTC
internal_api_client,2020-08-14 14:20:58 +0000 UTC
decisiv_mv_vin_update_pg,2018-05-04 20:57:21 +0000 UTC
decisiv_etl_framework_pg,2018-08-30 20:03:51 +0000 UTC
volvo_redshift_export,2019-07-02 14:39:53 +0000 UTC
boxes-escrow,2020-05-20 18:03:57 +0000 UTC
kinuby,2020-03-19 23:18:40 +0000 UTC
standalone_scripts,2019-01-23 23:10:00 +0000 UTC
data_eng_test_case,2018-05-04 20:58:48 +0000 UTC
decisiv_phoenix_template,2019-03-12 15:50:59 +0000 UTC
acts_as_versioned-internal,2018-05-15 14:02:31 +0000 UTC
marginalia-internal,2018-05-08 11:27:10 +0000 UTC
rack-internal,2018-05-08 11:29:45 +0000 UTC
resque-internal,2018-05-08 11:31:41 +0000 UTC
curly-waffle,2018-05-08 23:53:59 +0000 UTC
michelin-original-dealer-locator,2018-05-10 15:18:12 +0000 UTC
workspace-web-ui,2018-11-26 21:09:10 +0000 UTC
react-app-template,2018-11-26 21:08:26 +0000 UTC
decisiv_absinthe_template,2018-05-16 21:05:54 +0000 UTC
saml_gfm,2018-06-15 10:51:07 +0000 UTC
reactive-core,2018-05-25 21:45:13 +0000 UTC
off-highway-native,2019-01-30 17:09:31 +0000 UTC
decisiv-ui,2018-06-04 18:11:21 +0000 UTC
mihub,2018-09-22 18:51:29 +0000 UTC
convert_to_postgres,2018-06-18 17:24:21 +0000 UTC
jobs_postgres_import,2018-06-18 18:18:31 +0000 UTC
portable-css,2018-06-13 23:37:32 +0000 UTC
database_compare,2018-06-19 12:58:10 +0000 UTC
ex_decisiv-new-relic,2018-07-03 21:11:58 +0000 UTC
svc_requests,2018-11-12 18:55:59 +0000 UTC
ex_decisiv_sso,2018-08-29 15:42:32 +0000 UTC
mssql-to-postgresql,2018-08-22 19:22:09 +0000 UTC
native-base-components,2020-01-24 14:03:54 +0000 UTC
calcinator_gen,2018-07-27 13:36:07 +0000 UTC
karmabot,2018-07-11 16:47:31 +0000 UTC
iconix-font,2019-02-05 20:10:33 +0000 UTC
font-test,2018-08-09 13:32:00 +0000 UTC
proximity,2018-11-19 23:28:47 +0000 UTC
wopr-env,2018-07-19 18:03:37 +0000 UTC
gateway,2019-02-15 15:47:00 +0000 UTC
ex_decisiv-profile-auth,2019-02-26 20:26:22 +0000 UTC
gatsby-doc-experiment,2018-07-25 21:35:36 +0000 UTC
tag-assignment,2019-02-07 17:38:11 +0000 UTC
fleetnet-saia-invoices,2018-07-31 06:21:13 +0000 UTC
decisiv-cloud-custodian,2018-08-03 14:33:21 +0000 UTC
mobile_mechanic_bff,2020-01-09 16:28:37 +0000 UTC
proximity-admin,2019-07-15 15:35:33 +0000 UTC
data_eng_code_challenge,2018-08-24 17:10:24 +0000 UTC
decisiv-iconix-react,2019-03-18 13:44:30 +0000 UTC
mobile_mechanic_native,2020-01-09 16:57:40 +0000 UTC
timeline,2018-08-27 15:30:19 +0000 UTC
hopper,2018-09-14 16:54:28 +0000 UTC
monsantoe,2018-09-14 16:56:33 +0000 UTC
NationaleaseImporter,2018-10-03 13:04:25 +0000 UTC
inspec-remote-testing,2019-01-21 18:34:50 +0000 UTC
michelin-bulk-order,2018-12-19 21:48:46 +0000 UTC
michelin-bulk-order-web,2019-07-26 20:40:57 +0000 UTC
decisiv-deploy,2018-10-09 13:54:37 +0000 UTC
decisiv-ui-components,2018-10-01 10:50:08 +0000 UTC
decisiv_employee,2018-10-15 16:31:15 +0000 UTC
depends,2019-09-11 09:28:22 +0000 UTC
okta_pam,2018-12-18 17:47:23 +0000 UTC
es-index-cleanup,2019-06-21 18:40:24 +0000 UTC
bigmac,2019-10-18 15:17:00 +0000 UTC
managed_care,2019-03-29 14:35:10 +0000 UTC
security-reports,2019-02-08 07:20:05 +0000 UTC
decisiv-casino,2019-01-31 04:27:17 +0000 UTC
reveal.js,2019-02-07 01:49:34 +0000 UTC
shaddox-agile-best-practices,2019-02-08 16:57:25 +0000 UTC
paginated_table-internal,2020-02-29 05:29:56 +0000 UTC
gcl_cohort_1,2019-04-16 17:33:18 +0000 UTC
skip_activerecord_callbacks-internal,2019-04-11 16:04:49 +0000 UTC
grouped_scope-internal,2019-08-21 13:03:08 +0000 UTC
instana,2019-04-24 14:01:20 +0000 UTC
shuttle,2019-07-31 16:38:11 +0000 UTC
pennsylvania,2019-07-03 11:35:46 +0000 UTC
escrow_scripts,2020-05-06 19:50:46 +0000 UTC
prototype-rails,2019-08-28 13:07:43 +0000 UTC
mysql2,2019-08-28 01:33:55 +0000 UTC
decisiv_circuit_breaker,2019-11-19 15:43:05 +0000 UTC
maracas_on_rails,2020-01-13 14:20:16 +0000 UTC
farsight,2020-03-04 19:53:28 +0000 UTC
ymme_admin,2020-07-23 18:08:19 +0000 UTC
webhook_notifications,2020-08-04 11:17:51 +0000 UTC
gcp_terraform,2020-12-10 20:15:45 +0000 UTC
case_development_setup,2020-03-30 16:04:23 +0000 UTC
fleet-approval-app-ui,2020-04-23 18:07:10 +0000 UTC
db_snapshot_tool,2020-06-30 11:55:33 +0000 UTC
cirrus_run_approver,2020-06-23 11:27:20 +0000 UTC
terraform-cirrus-background-service,2020-10-14 18:53:08 +0000 UTC
terraform-cirrus-daemon-service,2020-10-14 18:53:33 +0000 UTC
terraform-cirrus-next-semver,2020-10-14 18:54:05 +0000 UTC
CAF_Scripts,2020-11-19 18:11:25 +0000 UTC
terraform-cirrus-s3,2020-10-29 14:33:47 +0000 UTC
helper-migrate-cirrus-micro-arch,2020-12-09 21:11:12 +0000 UTC
cirrus-app-baton,2020-12-10 17:33:36 +0000 UTC
